{"patient0": {"0.0": 0.9933422103861518, "2.0": 0.4, "macro avg": 0.46444740346205055, "weighted avg": 0.9786531104067815}, "patient1": {"0.0": 0.9989247311827956, "macro avg": 0.3329749103942652, "weighted avg": 0.9973152928403958}, "patient2": {"0.0": 0.9995192307692308, "macro avg": 0.3331730769230769, "weighted avg": 0.9985595387569703}, "patient3": {"0.0": 0.9851405622489959, "2.0": 0.5131578947368421, "macro avg": 0.7491492284929191, "weighted avg": 0.9775991400479054}, "patient4": {"0.0": 0.9116222760290557, "2.0": 0.6096256684491979, "macro avg": 0.7606239722391268, "weighted avg": 0.8341108071536726}, "patient5": {"0.0": 0.9563918757467144, "2.0": 0.11904761904761905, "macro avg": 0.3584798315981111, "weighted avg": 0.9461302735496283}, "patient6": {"0.0": 0.9638854296388543, "2.0": 0.275, "macro avg": 0.6194427148194271, "weighted avg": 0.9535344425584761}, "patient7": {"0.0": 0.9620934213744192, "2.0": 0.012738853503184714, "macro avg": 0.48741613743880197, "weighted avg": 0.9616462454121624}, "patient8": {"0.0": 0.9996058336618052, "macro avg": 0.4998029168309026, "weighted avg": 0.998818122208959}, "patient9": {"0.0": 0.9994410285075461, "macro avg": 0.33314700950251536, "weighted avg": 0.9960984163720693}, "patient10": {"0.0": 0.9901423877327493, "1.0": 0.0, "2.0": 0.6, "macro avg": 0.5300474625775831, "weighted avg": 0.9748500551151926}, "patient11": {"0.0": 0.996401028277635, "macro avg": 0.4982005141388175, "weighted avg": 0.9964010282776349}, "patient12": {"0.0": 0.9995654063450674, "1.0": 0.5, "2.0": 0.9814814814814815, "macro avg": 0.8270156292755163, "weighted avg": 0.99854063935358}, "patient13": {"0.0": 0.9891196834817012, "1.0": 0.05714285714285715, "macro avg": 0.5231312703122791, "weighted avg": 0.9885121366587946}, "patient14": {"0.0": 0.7635550586920068, "1.0": 0.019801980198019802, "2.0": 0.018285714285714284, "macro avg": 0.26721425105858027, "weighted avg": 0.7269610292471568}, "patient15": {"0.0": 0.9859335038363171, "2.0": 0.947867298578199, "macro avg": 0.966900401207258, "weighted avg": 0.9774232343828405}, "patient16": {"0.0": 0.9802631578947368, "1.0": 0.027027027027027025, "2.0": 1.0, "macro avg": 0.6690967283072546, "weighted avg": 0.9797618156343918}, "patient17": {"0.0": 0.9993935718617344, "macro avg": 0.4996967859308672, "weighted avg": 0.9993935718617344}, "patient18": {"0.0": 0.9966931216931217, "macro avg": 0.3322310405643739, "weighted avg": 0.9947220739903667}, "patient19": {"0.0": 0.9845956354300385, "1.0": 0.0, "2.0": 0.6575342465753424, "macro avg": 0.5473766273351269, "weighted avg": 0.9561428456132364}, "patient20": {"0.0": 0.9639920612418486, "1.0": 0.08108108108108107, "2.0": 0.9404388714733543, "macro avg": 0.6618373379320946, "weighted avg": 0.9463083567947356}, "patient21": {"0.0": 0.93207222699914, "1.0": 0.17751479289940827, "2.0": 0.0076335877862595426, "macro avg": 0.3724068692282692, "weighted avg": 0.7894078381578564}, "patient22": {"0.0": 0.9927431059506532, "1.0": 0.43902439024390244, "2.0": 0.5, "macro avg": 0.6439224987315185, "weighted avg": 0.9740848827187255}, "patient23": {"0.0": 0.9272575250836121, "1.0": 0.0, "2.0": 0.7087912087912088, "macro avg": 0.5453495779582737, "weighted avg": 0.8940182650015696}, "patient24": {"0.0": 0.9974742568486497, "1.0": 0.6, "2.0": 0.900763358778626, "macro avg": 0.8327458718757584, "weighted avg": 0.9944262626983027}, "patient25": {"0.0": 0.19220208676551348, "1.0": 0.0, "2.0": 0.11843575418994412, "macro avg": 0.10354594698515253, "weighted avg": 0.1729098054110143}, "patient26": {"0.0": 0.8234988302573434, "1.0": 0.0, "2.0": 0.4475743348982786, "macro avg": 0.423691055051874, "weighted avg": 0.6782626545858789}, "patient27": {"0.0": 0.9444444444444445, "1.0": 0.09925558312655086, "2.0": 0.03278688524590164, "macro avg": 0.35882897093896565, "weighted avg": 0.8363821969597736}, "patient28": {"0.0": 0.9771369721936147, "1.0": 0.3181818181818182, "2.0": 0.764179104477612, "macro avg": 0.6864992982843483, "weighted avg": 0.9559077953869153}, "patient29": {"0.0": 0.9989067055393587, "macro avg": 0.3329689018464529, "weighted avg": 0.9989067055393587}, "patient30": {"0.0": 0.9528339278636545, "1.0": 0.06666666666666667, "2.0": 0.6257142857142857, "macro avg": 0.5484049600815356, "weighted avg": 0.9193231922035517}, "patient31": {"0.0": 0.9892848243209569, "2.0": 0.8783505154639176, "macro avg": 0.6225451132616248, "weighted avg": 0.9767076839013812}, "patient32": {"0.0": 0.9923377638780296, "1.0": 0.19354838709677416, "2.0": 0.8851351351351351, "macro avg": 0.6903404287033129, "weighted avg": 0.9863938188485211}, "patient33": {"0.0": 0.9816158684083213, "1.0": 0.0, "2.0": 0.6025641025641026, "macro avg": 0.5280599903241413, "weighted avg": 0.9671499650194327}, "patient34": {"0.0": 0.9946469538618405, "1.0": 0.8705882352941177, "macro avg": 0.6217450630519861, "weighted avg": 0.988950070840167}, "patient35": {"0.0": 0.9884662576687117, "2.0": 0.9567496723460025, "macro avg": 0.6484053100049048, "weighted avg": 0.9832891068905613}, "patient36": {"0.0": 0.9619436680283809, "1.0": 0.39344262295081966, "macro avg": 0.4517954303264002, "weighted avg": 0.9140723068594807}, "patient37": {"0.0": 0.9517594966208344, "1.0": 0.0, "2.0": 0.8118081180811809, "macro avg": 0.5878558715673384, "weighted avg": 0.8993751548051676}, "patient38": {"0.0": 0.9541873358622702, "1.0": 0.023255813953488372, "2.0": 0.7749576988155668, "macro avg": 0.5841336162104418, "weighted avg": 0.9212078411368154}, "patient39": {"0.0": 0.9407894736842105, "2.0": 0.012121212121212121, "macro avg": 0.3176368952684742, "weighted avg": 0.9403776474041382}, "patient40": {"0.0": 0.9993618379068283, "1.0": 0.6666666666666666, "2.0": 0.6666666666666666, "macro avg": 0.7775650570800537, "weighted avg": 0.9987261146496815}, "patient41": {"0.0": 0.3659770114942529, "1.0": 0.0028922631959508315, "macro avg": 0.18443463734510185, "weighted avg": 0.08412201576634107}, "patient42": {"0.0": 0.9589810017271158, "1.0": 0.014992503748125939, "2.0": 0.009580838323353295, "macro avg": 0.32785144793286497, "weighted avg": 0.6995876351557497}, "patient43": {"0.0": 0.9901027077497667, "1.0": 0.6293706293706294, "2.0": 1.0, "macro avg": 0.873157779040132, "weighted avg": 0.9835594984321047}}