{"patient0": {"0.0": 0.9979852249832102, "1.0": 0.88, "2.0": 1.0, "macro avg": 0.9593284083277367, "weighted avg": 0.9962724179192008}, "patient1": {"0.0": 0.9937787395185286, "1.0": 0.36363636363636365, "macro avg": 0.45247170105163076, "weighted avg": 0.9927634725326819}, "patient2": {"0.0": 0.9917675544794189, "1.0": 0.0, "macro avg": 0.330589184826473, "weighted avg": 0.9908153052672447}, "patient3": {"0.0": 0.9706601466992664, "2.0": 0.40624999999999994, "macro avg": 0.45897004889975546, "weighted avg": 0.9616419019546562}, "patient4": {"0.0": 0.937733499377335, "2.0": 0.5310734463276836, "macro avg": 0.4896023152350062, "weighted avg": 0.833358757232311}, "patient5": {"0.0": 0.9310027598896043, "1.0": 0.1875, "2.0": 0.10572687224669604, "macro avg": 0.4080765440454335, "weighted avg": 0.9213415660660317}, "patient6": {"0.0": 0.9359521776259606, "2.0": 0.1452513966480447, "macro avg": 0.3604011914246685, "weighted avg": 0.9240713434317491}, "patient7": {"0.0": 0.8712765957446809, "2.0": 0.004319654427645788, "macro avg": 0.2918654167241089, "weighted avg": 0.8708682316649272}, "patient8": {"0.0": 0.9892387405340773, "1.0": 0.1904761904761905, "macro avg": 0.393238310336756, "weighted avg": 0.9886092980202413}, "patient9": {"0.0": 0.992108229988726, "1.0": 0.1111111111111111, "macro avg": 0.3677397803666124, "weighted avg": 0.9891617513302725}, "patient10": {"0.0": 0.9702748177229389, "1.0": 0.0, "2.0": 0.25477707006369427, "macro avg": 0.40835062926221105, "weighted avg": 0.9476442409022223}, "patient11": {"0.0": 0.9917355371900827, "macro avg": 0.3305785123966942, "weighted avg": 0.9917355371900827}, "patient12": {"0.0": 0.9982593559617059, "1.0": 0.2857142857142857, "2.0": 0.9680365296803652, "macro avg": 0.7506700571187856, "weighted avg": 0.996597459182397}, "patient13": {"0.0": 0.9854497354497354, "1.0": 0.0, "macro avg": 0.3284832451499118, "weighted avg": 0.9848073301463132}, "patient14": {"0.0": 0.9868875086266391, "1.0": 0.6709677419354838, "2.0": 0.34615384615384615, "macro avg": 0.6680030322386563, "weighted avg": 0.9690657975146867}, "patient15": {"0.0": 0.9631031220435194, "2.0": 0.8691232528589581, "macro avg": 0.6107421249674925, "weighted avg": 0.9420925168481794}, "patient16": {"0.0": 0.9940508382909681, "1.0": 0.08695652173913045, "2.0": 0.6666666666666666, "macro avg": 0.5825580088989217, "weighted avg": 0.9933878530663838}, "patient17": {"0.0": 0.9918533604887985, "macro avg": 0.49592668024439923, "weighted avg": 0.9918533604887985}, "patient18": {"0.0": 0.9780775716694772, "2.0": 0.4, "macro avg": 0.45935919055649244, "weighted avg": 0.9769343727802166}, "patient19": {"0.0": 0.8841201716738197, "1.0": 0.0, "2.0": 0.1692307692307692, "macro avg": 0.35111698030152966, "weighted avg": 0.846297774130911}, "patient20": {"0.0": 0.9500870574579222, "1.0": 0.018867924528301886, "2.0": 0.9330900243309003, "macro avg": 0.6340150021057082, "weighted avg": 0.9339299660988735}, "patient21": {"0.0": 0.9575680810639645, "1.0": 0.6064981949458483, "2.0": 0.8123711340206186, "macro avg": 0.7921458033434771, "weighted avg": 0.9199732132386067}, "patient22": {"0.0": 0.9867711905928467, "1.0": 0.7450980392156863, "2.0": 0.4285714285714286, "macro avg": 0.7201468861266539, "weighted avg": 0.975572587591839}, "patient23": {"0.0": 0.8658833961427621, "1.0": 0.0, "2.0": 0.626486915146709, "macro avg": 0.49745677042982367, "weighted avg": 0.8295606643490389}, "patient24": {"0.0": 0.9949238578680204, "1.0": 0.14285714285714285, "2.0": 0.9710144927536231, "macro avg": 0.7029318311595955, "weighted avg": 0.9933150208528332}, "patient25": {"0.0": 0.10098665118978525, "1.0": 0.0, "2.0": 0.11407249466950958, "macro avg": 0.07168638195309827, "weighted avg": 0.09670663080496808}, "patient26": {"0.0": 0.8898475697440322, "1.0": 0.0, "2.0": 0.4825493171471928, "macro avg": 0.4574656289637417, "weighted avg": 0.7324921755154348}, "patient27": {"0.0": 0.9834695040851226, "1.0": 0.8455056179775282, "2.0": 0.06060606060606061, "macro avg": 0.6298603942229039, "weighted avg": 0.9655723563412184}, "patient28": {"0.0": 0.9667865453776179, "1.0": 0.14285714285714285, "2.0": 0.6788511749347258, "macro avg": 0.5961649543898289, "weighted avg": 0.9386418526562029}, "patient29": {"0.0": 0.9774799925553694, "macro avg": 0.3258266641851231, "weighted avg": 0.9774799925553694}, "patient30": {"0.0": 0.8366367619445023, "1.0": 0.04285714285714285, "2.0": 0.34515366430260047, "macro avg": 0.40821585636808183, "weighted avg": 0.791500989501405}, "patient31": {"0.0": 0.3927855711422846, "2.0": 0.2478929102627665, "macro avg": 0.21355949380168368, "weighted avg": 0.37635841384150664}, "patient32": {"0.0": 0.9059162569927107, "1.0": 0.010695187165775402, "2.0": 0.732824427480916, "macro avg": 0.549811957213134, "weighted avg": 0.896671174205024}, "patient33": {"0.0": 0.9712742450282347, "1.0": 0.15384615384615383, "2.0": 0.5137614678899082, "macro avg": 0.5462939555880989, "weighted avg": 0.955008996712655}, "patient34": {"0.0": 0.9943791517629025, "1.0": 0.8826815642458101, "macro avg": 0.6256869053362375, "weighted avg": 0.9892499025071102}, "patient35": {"0.0": 0.9177427068388332, "2.0": 0.3420074349442379, "macro avg": 0.4199167139276903, "weighted avg": 0.8237644843861293}, "patient36": {"0.0": 0.7782994261867502, "1.0": 0.26235741444866917, "macro avg": 0.34688561354513975, "weighted avg": 0.7348538659718996}, "patient37": {"0.0": 0.961786600496278, "1.0": 0.28313253012048195, "2.0": 0.7775061124694376, "macro avg": 0.6741417476953991, "weighted avg": 0.9090041997340662}, "patient38": {"0.0": 0.8717948717948719, "1.0": 0.0, "2.0": 0.46212121212121215, "macro avg": 0.4446386946386947, "weighted avg": 0.7982484539502084}, "patient39": {"0.0": 0.9137349397590361, "2.0": 0.012987012987012988, "macro avg": 0.30890731758201634, "weighted avg": 0.9133354950021528}, "patient40": {"0.0": 0.9264454327745467, "1.0": 0.009433962264150945, "2.0": 0.0, "macro avg": 0.31195979834623255, "weighted avg": 0.9246811637706872}, "patient41": {"0.0": 0.4142259414225941, "1.0": 0.3125763125763126, "macro avg": 0.24226741799963558, "weighted avg": 0.33531748867570554}, "patient42": {"0.0": 0.971020954079358, "1.0": 0.09174311926605504, "2.0": 0.9148797920727746, "macro avg": 0.6592146218060625, "weighted avg": 0.9538027439485579}, "patient43": {"0.0": 0.9938922820655193, "1.0": 0.574468085106383, "2.0": 0.0, "macro avg": 0.5227867890573008, "weighted avg": 0.9851884714935157}}