{"patient0": {"0.0": 0.9935627081021087, "2.0": 0.33333333333333337, "macro avg": 0.4422986804784807, "weighted avg": 0.9788409656979985}, "patient1": {"0.0": 0.9994620763851533, "1.0": 0.8, "macro avg": 0.5998206921283845, "weighted avg": 0.9991407089151451}, "patient2": {"0.0": 1.0, "1.0": 0.6666666666666666, "macro avg": 0.5555555555555555, "weighted avg": 0.9996799487918068}, "patient3": {"0.0": 0.9920159680638723, "2.0": 0.6721311475409836, "macro avg": 0.8320735578024279, "weighted avg": 0.9869047920539585}, "patient4": {"0.0": 0.9380255372158206, "2.0": 0.751500600240096, "macro avg": 0.5631753791519722, "weighted avg": 0.8901514171628212}, "patient5": {"0.0": 0.9810440361621465, "2.0": 0.20689655172413793, "macro avg": 0.3959801959620948, "weighted avg": 0.9713368296961836}, "patient6": {"0.0": 0.9564671410632063, "2.0": 0.2571428571428571, "macro avg": 0.6068049991030318, "weighted avg": 0.9459593028706507}, "patient7": {"0.0": 0.9964530621896429, "2.0": 0.11764705882352941, "macro avg": 0.5570500605065861, "weighted avg": 0.9960391168277183}, "patient8": {"0.0": 1.0, "1.0": 1.0, "macro avg": 1.0, "weighted avg": 1.0}, "patient9": {"0.0": 0.9991603694374475, "1.0": 0.0, "macro avg": 0.33305345647914913, "weighted avg": 0.995818695961068}, "patient10": {"0.0": 0.9942575881870386, "2.0": 0.8607594936708861, "macro avg": 0.6183390272859749, "weighted avg": 0.9848277540768791}, "patient11": {"0.0": 0.9997437868306431, "macro avg": 0.49987189341532157, "weighted avg": 0.9997437868306431}, "patient12": {"0.0": 0.9993482511405605, "1.0": 0.0, "2.0": 0.9861751152073732, "macro avg": 0.6618411221159779, "weighted avg": 0.998338205488193}, "patient13": {"0.0": 0.9954158480681073, "macro avg": 0.3318052826893691, "weighted avg": 0.9947669459507227}, "patient14": {"0.0": 0.9822294022617125, "1.0": 0.169811320754717, "2.0": 0.22608695652173916, "macro avg": 0.4593758931793896, "weighted avg": 0.9426640026321512}, "patient15": {"0.0": 0.9809160305343512, "2.0": 0.9262394195888755, "macro avg": 0.6357184833744088, "weighted avg": 0.9686922564861179}, "patient16": {"0.0": 1.0, "1.0": 1.0, "2.0": 1.0, "macro avg": 1.0, "weighted avg": 1.0}, "patient17": {"0.0": 0.9997979389775712, "macro avg": 0.4998989694887856, "weighted avg": 0.9997979389775712}, "patient18": {"0.0": 0.9980184940554822, "2.0": 0.0, "macro avg": 0.4990092470277411, "weighted avg": 0.996044825313118}, "patient19": {"0.0": 0.9861245563084867, "1.0": 0.0, "2.0": 0.7446808510638298, "macro avg": 0.5769351357907722, "weighted avg": 0.9601371320108661}, "patient20": {"0.0": 0.9742296918767507, "1.0": 0.0, "2.0": 0.9578351164254248, "macro avg": 0.6440216027673918, "weighted avg": 0.95776748630358}, "patient21": {"0.0": 0.9222915484968803, "1.0": 0.21052631578947367, "2.0": 0.06611570247933884, "macro avg": 0.39964452225523095, "weighted avg": 0.7893176876305429}, "patient22": {"0.0": 0.993968636911942, "1.0": 0.42857142857142855, "2.0": 0.679245283018868, "macro avg": 0.7005951161674129, "weighted avg": 0.9765944147082415}, "patient23": {"0.0": 0.9589425195273383, "1.0": 0.0, "2.0": 0.786540483701367, "macro avg": 0.5818276677429018, "weighted avg": 0.9325590666202147}, "patient24": {"0.0": 0.9984459984459985, "1.0": 0.8, "2.0": 0.9481481481481481, "macro avg": 0.9155313821980489, "weighted avg": 0.9968701719079934}, "patient25": {"0.0": 0.21455525606469, "2.0": 0.11041548093340922, "macro avg": 0.1083235789993664, "weighted avg": 0.19055729483799497}, "patient26": {"0.0": 0.8099131323454267, "1.0": 0.0, "2.0": 0.29991431019708653, "macro avg": 0.3699424808475044, "weighted avg": 0.6131164445455646}, "patient27": {"0.0": 0.9365050974780896, "1.0": 0.11735941320293397, "2.0": 0.25, "macro avg": 0.4346215035603412, "weighted avg": 0.8318382192574296}, "patient28": {"0.0": 0.9829337667614793, "1.0": 0.16666666666666669, "2.0": 0.7771084337349397, "macro avg": 0.6422362890543619, "weighted avg": 0.9609201949000692}, "patient29": {"0.0": 0.9989067055393587, "macro avg": 0.3329689018464529, "weighted avg": 0.9989067055393587}, "patient30": {"0.0": 0.9810126582278481, "1.0": 0.13333333333333333, "2.0": 0.6791443850267379, "macro avg": 0.5978301255293065, "weighted avg": 0.9497986550418057}, "patient31": {"0.0": 0.991959798994975, "2.0": 0.9402985074626866, "macro avg": 0.9661291532288308, "weighted avg": 0.9861027172269211}, "patient32": {"0.0": 0.9933053090456173, "1.0": 0.4444444444444444, "2.0": 0.8620689655172414, "macro avg": 0.766606239669101, "weighted avg": 0.9864117229306345}, "patient33": {"0.0": 0.9842424242424241, "2.0": 0.6627906976744187, "macro avg": 0.5490110406389476, "weighted avg": 0.9714809895444458}, "patient34": {"0.0": 0.9811510429756221, "1.0": 0.3508771929824561, "macro avg": 0.44400941198602606, "weighted avg": 0.9522083258777434}, "patient35": {"0.0": 0.9636493228795439, "2.0": 0.7581903276131046, "macro avg": 0.5739465501642161, "weighted avg": 0.9301119106266543}, "patient36": {"0.0": 0.9634251290877797, "1.0": 0.35335689045936397, "macro avg": 0.43892733984904786, "weighted avg": 0.9120535489615352}, "patient37": {"0.0": 0.9593610523843082, "1.0": 0.0, "2.0": 0.8466981132075472, "macro avg": 0.6020197218639518, "weighted avg": 0.9117460226334733}, "patient38": {"0.0": 0.9964497041420117, "1.0": 0.6666666666666666, "2.0": 0.9860724233983287, "macro avg": 0.8830629314023358, "weighted avg": 0.9941368753205501}, "patient39": {"0.0": 0.9871938890137048, "2.0": 0.044444444444444446, "macro avg": 0.34387944448604973, "weighted avg": 0.9867758183065787}, "patient40": {"0.0": 0.9971218420211065, "1.0": 0.0, "2.0": 0.1818181818181818, "macro avg": 0.39298000794642945, "weighted avg": 0.9954481291787963}, "patient41": {"0.0": 0.3659770114942529, "1.0": 0.001447178002894356, "macro avg": 0.1224747298323824, "weighted avg": 0.08300022675475534}, "patient42": {"0.0": 0.9950738916256157, "1.0": 0.078125, "2.0": 0.912987012987013, "macro avg": 0.6620619682042096, "weighted avg": 0.9707397415147392}, "patient43": {"0.0": 0.9130176342381613, "1.0": 0.02660753880266075, "2.0": 1.0, "macro avg": 0.6465417243469407, "weighted avg": 0.8970076205483032}}