{"patient0": {"0.0": 0.986726659167604, "1.0": 0.0, "2.0": 0.08695652173913045, "macro avg": 0.3578943936355781, "weighted avg": 0.9719987762935022}, "patient1": {"0.0": 0.9932304359599241, "1.0": 0.08695652173913045, "macro avg": 0.3600623192330182, "weighted avg": 0.991770273906937}, "patient2": {"0.0": 0.9814090019569471, "1.0": 0.08333333333333334, "macro avg": 0.35491411176342685, "weighted avg": 0.9805467113485712}, "patient3": {"0.0": 0.9660531697341513, "2.0": 0.3122362869198312, "macro avg": 0.42609648555132756, "weighted avg": 0.9556063684109296}, "patient4": {"0.0": 0.9389027431421446, "2.0": 0.6717752234993614, "macro avg": 0.5368926555471686, "weighted avg": 0.8703408920985872}, "patient5": {"0.0": 0.9462884731442365, "1.0": 0.0975609756097561, "2.0": 0.09696969696969697, "macro avg": 0.3802730485745632, "weighted avg": 0.9361558997436087}, "patient6": {"0.0": 0.8243338835180382, "2.0": 0.07980049875311722, "macro avg": 0.30137812742371844, "weighted avg": 0.8131467468549038}, "patient7": {"0.0": 0.9075933075933076, "2.0": 0.00684931506849315, "macro avg": 0.30481420755393357, "weighted avg": 0.9071690287461456}, "patient8": {"0.0": 0.9920508744038156, "1.0": 0.0, "macro avg": 0.33068362480127184, "weighted avg": 0.991269116425562}, "patient9": {"0.0": 0.9952314165497896, "1.0": 0.0, "macro avg": 0.33174380551659655, "weighted avg": 0.9919028833840713}, "patient10": {"0.0": 0.9562251279135873, "1.0": 0.06896551724137931, "2.0": 0.30845771144278605, "macro avg": 0.44454945219925085, "weighted avg": 0.9356802430489604}, "patient11": {"0.0": 0.9994874423372629, "macro avg": 0.49974372116863147, "weighted avg": 0.9994874423372629}, "patient12": {"0.0": 0.9980430528375733, "1.0": 0.0, "2.0": 0.9454545454545454, "macro avg": 0.6478325327640396, "weighted avg": 0.9952516010094574}, "patient13": {"0.0": 0.9914473684210526, "1.0": 0.0, "macro avg": 0.3304824561403509, "weighted avg": 0.9908010533177795}, "patient14": {"0.0": 0.6846684668466847, "1.0": 0.24561403508771928, "2.0": 0.021680216802168018, "macro avg": 0.317320906245524, "weighted avg": 0.6614989290998367}, "patient15": {"0.0": 0.9733502538071066, "2.0": 0.05172413793103448, "macro avg": 0.3416914639127137, "weighted avg": 0.7673069529768065}, "patient16": {"0.0": 0.9975747776879547, "1.0": 0.19999999999999998, "2.0": 0.6666666666666666, "macro avg": 0.6214138147848738, "weighted avg": 0.9969687181344052}, "patient17": {"0.0": 0.9991912656692277, "macro avg": 0.49959563283461383, "weighted avg": 0.9991912656692277}, "patient18": {"0.0": 0.9746535991889153, "2.0": 0.0, "macro avg": 0.32488453306297177, "weighted avg": 0.97272613656692}, "patient19": {"0.0": 0.6378331148973351, "1.0": 0.05555555555555555, "2.0": 0.0732519422863485, "macro avg": 0.2555468709130797, "weighted avg": 0.6101915033335956}, "patient20": {"0.0": 0.9558412520961431, "1.0": 0.03278688524590164, "2.0": 0.9107257546563905, "macro avg": 0.6331179639994784, "weighted avg": 0.9308385454407379}, "patient21": {"0.0": 0.9117983963344788, "1.0": 0.2117647058823529, "2.0": 0.13953488372093023, "macro avg": 0.421032661979254, "weighted avg": 0.7880675351735835}, "patient22": {"0.0": 0.9694129255056733, "1.0": 0.29213483146067415, "2.0": 0.24, "macro avg": 0.5005159189887824, "weighted avg": 0.9454630001274714}, "patient23": {"0.0": 0.9283514678710737, "1.0": 0.0, "2.0": 0.7117585848074922, "macro avg": 0.5467033508928553, "weighted avg": 0.8953911642342302}, "patient24": {"0.0": 0.9976699029126213, "1.0": 0.5714285714285715, "2.0": 0.916030534351145, "macro avg": 0.8283763362307793, "weighted avg": 0.9949939879495664}, "patient25": {"0.0": 0.20693391115926327, "1.0": 0.0, "2.0": 0.09163802978235969, "macro avg": 0.09952398031387433, "weighted avg": 0.18211028035128496}, "patient26": {"0.0": 0.850725828540126, "1.0": 0.0, "2.0": 0.4886535552193646, "macro avg": 0.4464597945864968, "weighted avg": 0.7107967293577779}, "patient27": {"0.0": 0.936838262139467, "1.0": 0.2403628117913832, "2.0": 0.02247191011235955, "macro avg": 0.39989099468106987, "weighted avg": 0.8477355777735073}, "patient28": {"0.0": 0.9679700499168054, "1.0": 0.13913043478260867, "2.0": 0.7267605633802817, "macro avg": 0.6112870160265652, "weighted avg": 0.9432370747718358}, "patient29": {"0.0": 0.9950612767514175, "macro avg": 0.3316870922504725, "weighted avg": 0.9950612767514176}, "patient30": {"0.0": 0.973935870991937, "1.0": 0.40816326530612246, "2.0": 0.5159420289855072, "macro avg": 0.6326803884278556, "weighted avg": 0.9335618134432468}, "patient31": {"0.0": 0.9675949367088608, "2.0": 0.7658802177858439, "macro avg": 0.5778250514982349, "weighted avg": 0.9447255974509811}, "patient32": {"0.0": 0.9931400062363579, "1.0": 0.1111111111111111, "2.0": 0.7720588235294117, "macro avg": 0.6254366469589602, "weighted avg": 0.9815650581110039}, "patient33": {"0.0": 0.9572139303482587, "1.0": 0.05128205128205128, "2.0": 0.42448979591836733, "macro avg": 0.47766192584955913, "weighted avg": 0.9384240289741991}, "patient34": {"0.0": 0.9911144960649911, "1.0": 0.7210884353741497, "macro avg": 0.5707343104797137, "weighted avg": 0.978714667191059}, "patient35": {"0.0": 0.9653979238754326, "2.0": 0.8591749644381224, "macro avg": 0.608190962771185, "weighted avg": 0.9480589741898701}, "patient36": {"0.0": 0.9140784402629789, "1.0": 0.26303854875283444, "macro avg": 0.39237232967193775, "weighted avg": 0.8592567894468547}, "patient37": {"0.0": 0.9462165308498253, "1.0": 0.1923076923076923, "2.0": 0.6939820742637643, "macro avg": 0.6108354324737607, "weighted avg": 0.87890292344489}, "patient38": {"0.0": 0.9290953545232273, "1.0": 0.02702702702702703, "2.0": 0.7690058479532165, "macro avg": 0.5750427431678237, "weighted avg": 0.8995346301758431}, "patient39": {"0.0": 0.9410382898754992, "2.0": 0.012578616352201257, "macro avg": 0.31787230207590017, "weighted avg": 0.9406265560956663}, "patient40": {"0.0": 0.8999648999648999, "1.0": 0.0, "2.0": 0.07999999999999999, "macro avg": 0.3266549666549666, "weighted avg": 0.8983471326401263}, "patient41": {"0.0": 0.3799522673031026, "1.0": 0.09385783298826778, "macro avg": 0.15793670009712346, "weighted avg": 0.15786322076640397}, "patient42": {"0.0": 0.9311645450259312, "1.0": 0.02, "2.0": 0.871313672922252, "macro avg": 0.6074927393160611, "weighted avg": 0.9128684163877377}, "patient43": {"0.0": 0.8582759340429973, "1.0": 0.3188405797101449, "2.0": 0.009316770186335406, "macro avg": 0.3954777613131592, "weighted avg": 0.8475496821504781}}